{"build": {"documentation_patterns": [], "directory_name": "", "display_name": "", "destination": "-dists", "renpy": false, "allow_integrated_gpu": true, "include_update": false, "base_patterns": [["*.py", null], ["*.sh", null], ["*.app/", null], ["*.dll", null], ["*.manifest", null], ["lib/", null], ["renpy/", null], ["update/", null], ["common/", null], ["update/", null], ["icon.ico", null], ["icon.icns", null], ["project.json", null], ["log.txt", null], ["errors.txt", null], ["traceback.txt", null], ["image_cache.txt", null], ["text_overflow.txt", null], ["dialogue.txt", null], ["dialogue.tab", null], ["profile_screen.txt", null], ["tmp/", null], ["game/saves/", null], ["game/bytecode.rpyb", null], ["archived/", null], ["launcherinfo.py", null], ["android.txt", null], [".android.json", ["android"]], ["android-icon.png", ["android"]], ["android-presplash.*", ["android"]], ["android-*-icon.png", ["android"]], ["android-*-presplash.*", ["android"]], ["ouya_icon.png", ["android"]], ["ios-presplash.*", ["ios"]], [".*", null], ["**", ["all"]]], "version": "", "archives": [["archive", ["all"]]], "xbit_patterns": ["**.sh", "**/*.so.*", "**/*.so", "**/*.dylib", "**.app/Contents/MacOS/*", "lib/**/python", "lib/**/pythonw", "lib/**/zsync", "lib/**/zsyncmake"], "exclude_empty_directories": true, "renpy_patterns": [["**~", null], ["**/#*", null], ["**/.*", null], ["**.old", null], ["**.new", null], ["**.rpa", null], ["**/*.pyc", null], ["renpy.py", ["renpy"]], ["renpy/", ["all"]], ["renpy/common/", ["all"]], ["renpy/common/_compat/**", ["renpy"]], ["renpy/common/**.rpy", ["renpy"]], ["renpy/common/**.rpym", ["renpy"]], ["renpy/common/_compat/**", ["renpy"]], ["renpy/common/**", ["all"]], ["renpy/**", ["renpy"]], ["lib/*/renpy", null], ["lib/*/renpy.exe", null], ["lib/windows-i686/**", ["windows"]], ["lib/linux-x86_64/**", ["linux"]], ["lib/linux-i686/**", ["linux"]], ["lib/darwin-x86_64/**", ["mac"]], ["/lib/**", ["windows", "linux", "mac"]], ["renpy.sh", ["linux", "mac"]]], "packages": [{"dlc": false, "hidden": false, "description": "All Desktop Platforms", "formats": ["zip"], "file_lists": ["windows", "mac", "linux", "renpy", "all"], "update": true, "name": "all"}, {"dlc": false, "hidden": false, "description": "Linux x86/x86_64", "formats": ["tar.bz2"], "file_lists": ["linux", "renpy", "all"], "update": true, "name": "linux"}, {"dlc": false, "hidden": false, "description": "Macintosh x86", "formats": ["app-zip"], "file_lists": ["mac", "renpy", "all"], "update": true, "name": "mac"}, {"dlc": false, "hidden": false, "description": "Windows x86", "formats": ["zip"], "file_lists": ["windows", "renpy", "all"], "update": true, "name": "win"}, {"dlc": true, "hidden": true, "description": "android", "formats": ["directory"], "file_lists": ["android", "renpy", "all"], "update": false, "name": "android"}, {"dlc": true, "hidden": true, "description": "ios", "formats": ["directory"], "file_lists": ["ios", "renpy", "all"], "update": false, "name": "ios"}], "executable_name": ""}, "location": {"callable": {}, "screen": {"load": ["game/screens.rpy", 320], "save": ["game/screens.rpy", 312], "preferences": ["game/screens.rpy", 342], "yesno_prompt": ["game/screens.rpy", 480], "choice": ["game/screens.rpy", 67], "say": ["game/screens.rpy", 13], "file_picker": ["game/screens.rpy", 253], "input": ["game/screens.rpy", 110], "main_menu": ["game/screens.rpy", 177], "nvl": ["game/screens.rpy", 126], "navigation": ["game/screens.rpy", 214], "quick_menu": ["game/screens.rpy", 528]}, "define": {"a": ["game/script.rpy", 39], "b": ["game/script.rpy", 43], "e": ["game/script.rpy", 38], "j": ["game/script.rpy", 40], "m": ["game/script.rpy", 44], "r": ["game/script.rpy", 42], "t": ["game/script.rpy", 41]}, "transform": {}, "label": {"choice_continue": ["game/script.rpy", 162], "choice_what": ["game/script.rpy", 289], "choice_sympathy": ["game/script.rpy", 421], "choice_credits": ["game/script.rpy", 505], "choice_goodintentions": ["game/script.rpy", 212], "choice_yes": ["game/script.rpy", 92], "choice_alexwhy": ["game/script.rpy", 109], "choice_veryrude": ["game/script.rpy", 397], "choice_dontcare": ["game/script.rpy", 184], "choice_aw": ["game/script.rpy", 261], "start": ["game/script.rpy", 46], "choice_yesss": ["game/script.rpy", 475], "choice_rude": ["game/script.rpy", 233], "choice_no": ["game/script.rpy", 75], "choice_nah": ["game/script.rpy", 464], "choice_moviedate": ["game/script.rpy", 368], "choice_poorjaq": ["game/script.rpy", 315], "choice_noalex": ["game/script.rpy", 336], "choice_datealready": ["game/script.rpy", 126], "choice_switch": ["game/script.rpy", 142]}}, "error": false}